listing_id,term,correct,reason
1183446182,granite countertops,True,
1178614092,water softener,True,
1177505216,quartz countertops,True,
1153094861,garden,False,different meaning
1176056730,parking,True,
1190729742,outdoor kitchen,True,
1177518499,natural light,True,
1179391362,fireplace,True,
1189364461,pickleball,True,
1176163450,curb appeal,True,
1190729742,corner lot,True,
1169155407,spa,False,different meaning
1176339846,porch,True,
1178501164,porch,True,
1177505216,hoa,True,
1183143155,garden,False,hypothetical
1176073019,center island,True,
1177416890,spa,False,"nearby, not the property"
1177731708,quartz countertops,True,
1177505216,garden,False,different meaning
1177518499,curb appeal,True,
1167957666,spa,True,
1189983826,garage,True,
1178479131,stainless steel appliances,True,
1183143155,soaking tub,True,
1179391362,pickleball,True,
1178479131,patio,True,
1158345101,balcony,True,
1190030012,quartz countertops,True,
1177745145,recessed lighting,True,
1176163450,landscaping,True,
1191063176,high ceilings,True,
1178614092,vaulted ceilings,True,
1151574194,high ceilings,True,
1190422857,garage,True,
1176206791,acre,True,
1189692180,golf course,False,"nearby, not the property"
1173000902,fenced yard,True,
1157768519,breakfast bar,True,
1152625352,fruit trees,True,
1158409391,deck,True,
1190030012,cul-de-sac,True,
1189364461,garage,True,
1189386729,spa,False,different meaning
1177894057,quartz countertops,True,
1176056730,walk-in shower,True,
1190063159,center island,True,
1190250017,dual-pane windows,True,
1189521909,fireplace,True,
1190919763,gated community,True,
1177040104,rv parking,True,
1178501164,parking,True,
1176033048,natural light,True,
1179391362,stainless steel appliances,True,
1173253845,large lot,True,
1177749891,walk-in shower,True,
1152625352,backyard,True,
1189364461,central air,True,
1179122578,curb appeal,True,
1177181956,stainless steel appliances,True,
1179080347,balcony,True,
1178604054,garden,True,
1179080347,water softener,True,
1183143155,solar panels,True,
1189179330,granite countertops,True,
1159538478,tennis courts,False,hypothetical
1183693230,carpet,True,
1191063176,pool,True,
1181880963,garden,False,different meaning
1177731708,natural light,True,
1190449017,garden,True,
1190449017,fireplace,True,
1190063159,workshop,False,hypothetical
1184964786,outdoor kitchen,True,
1179391362,porch,True,
1189364461,washer and dryer,True,
1189692180,spa,True,
1183693230,fire pit,True,
1153094861,skylight,True,
1176163450,garage,True,
1190168632,fireplace,True,
1190168632,natural light,True,
1190948745,walking trails,False,"nearby, not the property"
1190768489,hoa,True,
1176163450,low hoa,True,
1190033644,dual vanities,True,
1176199567,walk-in shower,True,
1176133009,tile flooring,True,
1173253845,built-ins,True,
1177666601,patio,True,
1176593628,laminate flooring,True,
1190729742,lawn,True,
1190881677,garage,True,
1176593628,central air,True,
1158475978,rv parking,True,
1179080347,indoor-outdoor living,True,
1188168204,parking,False,hypothetical
1176799190,resort-style amenities,True,
1177749891,stainless steel appliances,True,
1182497231,parking,True,
