listing_id,split
1146484433,dev
1174154323,dev
1169805973,dev
1177750073,dev
1156603849,dev
1155176620,dev
1176761593,dev
1191006489,dev
1157017266,dev
1170326695,dev
1157466189,dev
1178571200,dev
1159659454,dev
1093832772,dev
1169336726,dev
1169778859,dev
1176904012,dev
1168832645,dev
1189812320,dev
1169303994,dev
1189683445,dev
1190423612,dev
1189562567,dev
1191031118,dev
1158547671,dev
1175467790,dev
1190439420,dev
1189755123,dev
1176161694,dev
1184675435,dev
1189223334,dev
1173659521,dev
1185686215,dev
1173333681,dev
1159719877,dev
1172355073,dev
1174608765,dev
1139655394,dev
1189577010,dev
1176676227,dev
1059556114,dev
1170443995,dev
1156588091,dev
1151204965,dev
1176761095,dev
1176324617,dev
1176979624,dev
1172903720,dev
1189439775,dev
1159899537,dev
1159158816,dev
1177124370,dev
1172262996,dev
1176509618,dev
1190926278,dev
1189753790,dev
1179132182,dev
1176714696,dev
1170116090,dev
1159103096,dev
1177084844,dev
1159875388,dev
1125634073,dev
1179105175,dev
1183545855,dev
1183438594,dev
1190859005,dev
1169411471,dev
1179298372,dev
1189858785,dev
1190861521,dev
1157512642,dev
1169558247,dev
1174574123,dev
1189331158,dev
1154140484,dev
1191007687,dev
1152815426,dev
1181951393,dev
1181826231,dev
1154528068,dev
1183019069,dev
1157808989,dev
1173830666,dev
1156818177,dev
1178003457,dev
1183452763,dev
1172007152,dev
1177249916,dev
1176084179,dev
1169792127,dev
1183762367,dev
1177529576,dev
1157306226,dev
1179152665,dev
1183727284,dev
1153267517,dev
1184459076,dev
1190926128,dev
1177164808,dev
1189697724,test
1174178315,test
1169155407,test
1177745145,test
1190137181,test
1176199567,test
1159538478,test
1176206791,test
1173052207,test
1190250017,test
1151574194,test
1176593628,test
1188184609,test
1171172498,test
1178121932,test
1176163450,test
1138325265,test
1170711625,test
1178007429,test
1185698254,test
1190948745,test
1176905584,test
1178118316,test
1190063159,test
1176045843,test
1174651951,test
1177666601,test
1146111620,test
1153094861,test
1177894057,test
1172244929,test
1189521909,test
1178587734,test
1181829352,test
1178764604,test
1178479131,test
1159536808,test
1191063176,test
1190923252,test
1159195492,test
1189488884,test
1157600267,test
1179290932,test
1190275045,test
1176073019,test
1178803574,test
1180840799,test
1172075430,test
1179285740,test
1184964786,test
1177040104,test
1175111387,test
1170034263,test
1155733995,test
1183143155,test
1182497231,test
1179699894,test
1183446182,test
1182255933,test
1169544593,test
1090003161,test
1177093348,test
1179667386,test
1178501164,test
1190185613,test
1189692180,test
1179076533,test
1176799190,test
1183693230,test
1175025545,test
1189482876,test
1176133009,test
1190422857,test
1158799998,test
1129984311,test
1177295887,test
1190551154,test
1181880963,test
1188168204,test
1138135483,test
1189179330,test
1190768489,test
1179220740,test
1184988466,test
1179122578,test
1177562944,test
1159248641,test
1189846329,test
1176056730,test
1158475978,test
1183672214,test
1152625352,test
1190030012,test
1167957666,test
1175336965,test
1187404789,test
1178604054,test
1190033644,test
1173253845,test
1158409391,test
1191045380,test
1189299180,test
1170407435,test
1176033048,test
1183664588,test
1189386729,test
1176979837,test
1178474162,test
1177694525,test
1174049379,test
1159926520,test
1176339846,test
1177416890,test
1173000902,test
1177518499,test
1175964755,test
1190168632,test
1190919763,test
1114892586,test
1190829932,test
1177749891,test
1173631187,test
1190726395,test
1158345101,test
1169040595,test
1177248846,test
1177181956,test
1177731708,test
1177505216,test
1183442973,test
1175998845,test
1154806996,test
1176570602,test
1177744409,test
1190449017,test
1189364461,test
1179080347,test
1189626913,test
1178614092,test
1157768519,test
1190694727,test
1190729742,test
1177957623,test
1179947608,test
1190881677,test
1172622985,test
1174377867,test
1179391362,test
1189983826,test
1152925215,test
